feature_order|auroc
['hr', 'dow', 'elapsed_time_rt', 'is_rt_any', 'is_same_domain', 'creative_type', 'os', 'prob_man', 'ctr_user', 'inview_ratio', 'ctr_slot', 'iv_ctr_slot', 'slot_category', 'slot_site_type', 'ctr_sp_slot', 'iv_ctr_sp_slot']|0.6960547657119959
['hr', 'dow', 'elapsed_time_rt', 'is_rt_any', 'is_same_domain', 'creative_type', 'os', 'prob_man', 'ctr_user', 'inview_ratio', 'ctr_slot', 'iv_ctr_slot', 'slot_category', 'slot_site_type', 'iv_ctr_sp_slot', 'ctr_sp_slot']|0.7069219273505594
['hr', 'dow', 'elapsed_time_rt', 'is_rt_any', 'is_same_domain', 'creative_type', 'os', 'prob_man', 'ctr_user', 'inview_ratio', 'ctr_slot', 'iv_ctr_slot', 'slot_category', 'ctr_sp_slot', 'slot_site_type', 'iv_ctr_sp_slot']|0.7132479478029636
['hr', 'dow', 'elapsed_time_rt', 'is_rt_any', 'is_same_domain', 'creative_type', 'os', 'prob_man', 'ctr_user', 'inview_ratio', 'ctr_slot', 'iv_ctr_slot', 'slot_category', 'ctr_sp_slot', 'iv_ctr_sp_slot', 'slot_site_type']|0.700651403543065
['hr', 'dow', 'elapsed_time_rt', 'is_rt_any', 'is_same_domain', 'creative_type', 'os', 'prob_man', 'ctr_user', 'inview_ratio', 'ctr_slot', 'iv_ctr_slot', 'slot_category', 'iv_ctr_sp_slot', 'slot_site_type', 'ctr_sp_slot']|0.7005156702316793
['hr', 'dow', 'elapsed_time_rt', 'is_rt_any', 'is_same_domain', 'creative_type', 'os', 'prob_man', 'ctr_user', 'inview_ratio', 'ctr_slot', 'iv_ctr_slot', 'slot_category', 'iv_ctr_sp_slot', 'ctr_sp_slot', 'slot_site_type']|0.6999806213370683
['hr', 'dow', 'elapsed_time_rt', 'is_rt_any', 'is_same_domain', 'creative_type', 'os', 'prob_man', 'ctr_user', 'inview_ratio', 'ctr_slot', 'iv_ctr_slot', 'slot_site_type', 'slot_category', 'ctr_sp_slot', 'iv_ctr_sp_slot']|0.6981465069784006
['hr', 'dow', 'elapsed_time_rt', 'is_rt_any', 'is_same_domain', 'creative_type', 'os', 'prob_man', 'ctr_user', 'inview_ratio', 'ctr_slot', 'iv_ctr_slot', 'slot_site_type', 'slot_category', 'iv_ctr_sp_slot', 'ctr_sp_slot']|0.7162931137742152
['hr', 'dow', 'elapsed_time_rt', 'is_rt_any', 'is_same_domain', 'creative_type', 'os', 'prob_man', 'ctr_user', 'inview_ratio', 'ctr_slot', 'iv_ctr_slot', 'slot_site_type', 'ctr_sp_slot', 'slot_category', 'iv_ctr_sp_slot']|0.7053604431305288
['hr', 'dow', 'elapsed_time_rt', 'is_rt_any', 'is_same_domain', 'creative_type', 'os', 'prob_man', 'ctr_user', 'inview_ratio', 'ctr_slot', 'iv_ctr_slot', 'slot_site_type', 'ctr_sp_slot', 'iv_ctr_sp_slot', 'slot_category']|0.7039357026435571
['hr', 'dow', 'elapsed_time_rt', 'is_rt_any', 'is_same_domain', 'creative_type', 'os', 'prob_man', 'ctr_user', 'inview_ratio', 'ctr_slot', 'iv_ctr_slot', 'slot_site_type', 'iv_ctr_sp_slot', 'slot_category', 'ctr_sp_slot']|0.7052935409682509
['hr', 'dow', 'elapsed_time_rt', 'is_rt_any', 'is_same_domain', 'creative_type', 'os', 'prob_man', 'ctr_user', 'inview_ratio', 'ctr_slot', 'iv_ctr_slot', 'slot_site_type', 'iv_ctr_sp_slot', 'ctr_sp_slot', 'slot_category']|0.7065837882067992
['hr', 'dow', 'elapsed_time_rt', 'is_rt_any', 'is_same_domain', 'creative_type', 'os', 'prob_man', 'ctr_user', 'inview_ratio', 'ctr_slot', 'iv_ctr_slot', 'ctr_sp_slot', 'slot_category', 'slot_site_type', 'iv_ctr_sp_slot']|0.7020045418760383
['hr', 'dow', 'elapsed_time_rt', 'is_rt_any', 'is_same_domain', 'creative_type', 'os', 'prob_man', 'ctr_user', 'inview_ratio', 'ctr_slot', 'iv_ctr_slot', 'ctr_sp_slot', 'slot_category', 'iv_ctr_sp_slot', 'slot_site_type']|0.7006405338553723
['hr', 'dow', 'elapsed_time_rt', 'is_rt_any', 'is_same_domain', 'creative_type', 'os', 'prob_man', 'ctr_user', 'inview_ratio', 'ctr_slot', 'iv_ctr_slot', 'ctr_sp_slot', 'slot_site_type', 'slot_category', 'iv_ctr_sp_slot']|0.6929580069977518
['hr', 'dow', 'elapsed_time_rt', 'is_rt_any', 'is_same_domain', 'creative_type', 'os', 'prob_man', 'ctr_user', 'inview_ratio', 'ctr_slot', 'iv_ctr_slot', 'ctr_sp_slot', 'slot_site_type', 'iv_ctr_sp_slot', 'slot_category']|0.7199059070843175
['hr', 'dow', 'elapsed_time_rt', 'is_rt_any', 'is_same_domain', 'creative_type', 'os', 'prob_man', 'ctr_user', 'inview_ratio', 'ctr_slot', 'iv_ctr_slot', 'ctr_sp_slot', 'iv_ctr_sp_slot', 'slot_category', 'slot_site_type']|0.7067252166221591
['hr', 'dow', 'elapsed_time_rt', 'is_rt_any', 'is_same_domain', 'creative_type', 'os', 'prob_man', 'ctr_user', 'inview_ratio', 'ctr_slot', 'iv_ctr_slot', 'ctr_sp_slot', 'iv_ctr_sp_slot', 'slot_site_type', 'slot_category']|0.7111549511641773
['hr', 'dow', 'elapsed_time_rt', 'is_rt_any', 'is_same_domain', 'creative_type', 'os', 'prob_man', 'ctr_user', 'inview_ratio', 'ctr_slot', 'iv_ctr_slot', 'iv_ctr_sp_slot', 'slot_category', 'slot_site_type', 'ctr_sp_slot']|0.702997265860191
['hr', 'dow', 'elapsed_time_rt', 'is_rt_any', 'is_same_domain', 'creative_type', 'os', 'prob_man', 'ctr_user', 'inview_ratio', 'ctr_slot', 'iv_ctr_slot', 'iv_ctr_sp_slot', 'slot_category', 'ctr_sp_slot', 'slot_site_type']|0.6968043454990552
['hr', 'dow', 'elapsed_time_rt', 'is_rt_any', 'is_same_domain', 'creative_type', 'os', 'prob_man', 'ctr_user', 'inview_ratio', 'ctr_slot', 'iv_ctr_slot', 'iv_ctr_sp_slot', 'slot_site_type', 'slot_category', 'ctr_sp_slot']|0.7109161242233225
['hr', 'dow', 'elapsed_time_rt', 'is_rt_any', 'is_same_domain', 'creative_type', 'os', 'prob_man', 'ctr_user', 'inview_ratio', 'ctr_slot', 'iv_ctr_slot', 'iv_ctr_sp_slot', 'slot_site_type', 'ctr_sp_slot', 'slot_category']|0.7062396783895176
['hr', 'dow', 'elapsed_time_rt', 'is_rt_any', 'is_same_domain', 'creative_type', 'os', 'prob_man', 'ctr_user', 'inview_ratio', 'ctr_slot', 'iv_ctr_slot', 'iv_ctr_sp_slot', 'ctr_sp_slot', 'slot_category', 'slot_site_type']|0.6931181894517366
['hr', 'dow', 'elapsed_time_rt', 'is_rt_any', 'is_same_domain', 'creative_type', 'os', 'prob_man', 'ctr_user', 'inview_ratio', 'ctr_slot', 'iv_ctr_slot', 'iv_ctr_sp_slot', 'ctr_sp_slot', 'slot_site_type', 'slot_category']|0.7108222621736827
['hr', 'dow', 'elapsed_time_rt', 'is_rt_any', 'is_same_domain', 'creative_type', 'os', 'prob_man', 'ctr_user', 'inview_ratio', 'ctr_slot', 'slot_category', 'iv_ctr_slot', 'slot_site_type', 'ctr_sp_slot', 'iv_ctr_sp_slot']|0.6945829334513016
['hr', 'dow', 'elapsed_time_rt', 'is_rt_any', 'is_same_domain', 'creative_type', 'os', 'prob_man', 'ctr_user', 'inview_ratio', 'ctr_slot', 'slot_category', 'iv_ctr_slot', 'slot_site_type', 'iv_ctr_sp_slot', 'ctr_sp_slot']|0.7030655458702045
['hr', 'dow', 'elapsed_time_rt', 'is_rt_any', 'is_same_domain', 'creative_type', 'os', 'prob_man', 'ctr_user', 'inview_ratio', 'ctr_slot', 'slot_category', 'iv_ctr_slot', 'ctr_sp_slot', 'slot_site_type', 'iv_ctr_sp_slot']|0.7027551933224478
['hr', 'dow', 'elapsed_time_rt', 'is_rt_any', 'is_same_domain', 'creative_type', 'os', 'prob_man', 'ctr_user', 'inview_ratio', 'ctr_slot', 'slot_category', 'iv_ctr_slot', 'ctr_sp_slot', 'iv_ctr_sp_slot', 'slot_site_type']|0.691850110252314
['hr', 'dow', 'elapsed_time_rt', 'is_rt_any', 'is_same_domain', 'creative_type', 'os', 'prob_man', 'ctr_user', 'inview_ratio', 'ctr_slot', 'slot_category', 'iv_ctr_slot', 'iv_ctr_sp_slot', 'slot_site_type', 'ctr_sp_slot']|0.7016378047370527
['hr', 'dow', 'elapsed_time_rt', 'is_rt_any', 'is_same_domain', 'creative_type', 'os', 'prob_man', 'ctr_user', 'inview_ratio', 'ctr_slot', 'slot_category', 'iv_ctr_slot', 'iv_ctr_sp_slot', 'ctr_sp_slot', 'slot_site_type']|0.698456293077644
['hr', 'dow', 'elapsed_time_rt', 'is_rt_any', 'is_same_domain', 'creative_type', 'os', 'prob_man', 'ctr_user', 'inview_ratio', 'ctr_slot', 'slot_category', 'slot_site_type', 'iv_ctr_slot', 'ctr_sp_slot', 'iv_ctr_sp_slot']|0.7083512759727361
['hr', 'dow', 'elapsed_time_rt', 'is_rt_any', 'is_same_domain', 'creative_type', 'os', 'prob_man', 'ctr_user', 'inview_ratio', 'ctr_slot', 'slot_category', 'slot_site_type', 'iv_ctr_slot', 'iv_ctr_sp_slot', 'ctr_sp_slot']|0.7095725083491449
['hr', 'dow', 'elapsed_time_rt', 'is_rt_any', 'is_same_domain', 'creative_type', 'os', 'prob_man', 'ctr_user', 'inview_ratio', 'ctr_slot', 'slot_category', 'slot_site_type', 'ctr_sp_slot', 'iv_ctr_slot', 'iv_ctr_sp_slot']|0.7167369338393035
['hr', 'dow', 'elapsed_time_rt', 'is_rt_any', 'is_same_domain', 'creative_type', 'os', 'prob_man', 'ctr_user', 'inview_ratio', 'ctr_slot', 'slot_category', 'slot_site_type', 'ctr_sp_slot', 'iv_ctr_sp_slot', 'iv_ctr_slot']|0.7059301219315637
['hr', 'dow', 'elapsed_time_rt', 'is_rt_any', 'is_same_domain', 'creative_type', 'os', 'prob_man', 'ctr_user', 'inview_ratio', 'ctr_slot', 'slot_category', 'slot_site_type', 'iv_ctr_sp_slot', 'iv_ctr_slot', 'ctr_sp_slot']|0.6992112005426148
['hr', 'dow', 'elapsed_time_rt', 'is_rt_any', 'is_same_domain', 'creative_type', 'os', 'prob_man', 'ctr_user', 'inview_ratio', 'ctr_slot', 'slot_category', 'slot_site_type', 'iv_ctr_sp_slot', 'ctr_sp_slot', 'iv_ctr_slot']|0.7086123934280705
['hr', 'dow', 'elapsed_time_rt', 'is_rt_any', 'is_same_domain', 'creative_type', 'os', 'prob_man', 'ctr_user', 'inview_ratio', 'ctr_slot', 'slot_category', 'ctr_sp_slot', 'iv_ctr_slot', 'slot_site_type', 'iv_ctr_sp_slot']|0.6866120077531798
['hr', 'dow', 'elapsed_time_rt', 'is_rt_any', 'is_same_domain', 'creative_type', 'os', 'prob_man', 'ctr_user', 'inview_ratio', 'ctr_slot', 'slot_category', 'ctr_sp_slot', 'iv_ctr_slot', 'iv_ctr_sp_slot', 'slot_site_type']|0.7073291885223937
['hr', 'dow', 'elapsed_time_rt', 'is_rt_any', 'is_same_domain', 'creative_type', 'os', 'prob_man', 'ctr_user', 'inview_ratio', 'ctr_slot', 'slot_category', 'ctr_sp_slot', 'slot_site_type', 'iv_ctr_slot', 'iv_ctr_sp_slot']|0.6919435589476329
['hr', 'dow', 'elapsed_time_rt', 'is_rt_any', 'is_same_domain', 'creative_type', 'os', 'prob_man', 'ctr_user', 'inview_ratio', 'ctr_slot', 'slot_category', 'ctr_sp_slot', 'slot_site_type', 'iv_ctr_sp_slot', 'iv_ctr_slot']|0.6994185972456762
['hr', 'dow', 'elapsed_time_rt', 'is_rt_any', 'is_same_domain', 'creative_type', 'os', 'prob_man', 'ctr_user', 'inview_ratio', 'ctr_slot', 'slot_category', 'ctr_sp_slot', 'iv_ctr_sp_slot', 'iv_ctr_slot', 'slot_site_type']|0.705790852144323
['hr', 'dow', 'elapsed_time_rt', 'is_rt_any', 'is_same_domain', 'creative_type', 'os', 'prob_man', 'ctr_user', 'inview_ratio', 'ctr_slot', 'slot_category', 'ctr_sp_slot', 'iv_ctr_sp_slot', 'slot_site_type', 'iv_ctr_slot']|0.6966326350523484
['hr', 'dow', 'elapsed_time_rt', 'is_rt_any', 'is_same_domain', 'creative_type', 'os', 'prob_man', 'ctr_user', 'inview_ratio', 'ctr_slot', 'slot_category', 'iv_ctr_sp_slot', 'iv_ctr_slot', 'slot_site_type', 'ctr_sp_slot']|0.6950077392176373
['hr', 'dow', 'elapsed_time_rt', 'is_rt_any', 'is_same_domain', 'creative_type', 'os', 'prob_man', 'ctr_user', 'inview_ratio', 'ctr_slot', 'slot_category', 'iv_ctr_sp_slot', 'iv_ctr_slot', 'ctr_sp_slot', 'slot_site_type']|0.7100311326226822
['hr', 'dow', 'elapsed_time_rt', 'is_rt_any', 'is_same_domain', 'creative_type', 'os', 'prob_man', 'ctr_user', 'inview_ratio', 'ctr_slot', 'slot_category', 'iv_ctr_sp_slot', 'slot_site_type', 'iv_ctr_slot', 'ctr_sp_slot']|0.7067965891348684
['hr', 'dow', 'elapsed_time_rt', 'is_rt_any', 'is_same_domain', 'creative_type', 'os', 'prob_man', 'ctr_user', 'inview_ratio', 'ctr_slot', 'slot_category', 'iv_ctr_sp_slot', 'slot_site_type', 'ctr_sp_slot', 'iv_ctr_slot']|0.7019863083576692
['hr', 'dow', 'elapsed_time_rt', 'is_rt_any', 'is_same_domain', 'creative_type', 'os', 'prob_man', 'ctr_user', 'inview_ratio', 'ctr_slot', 'slot_category', 'iv_ctr_sp_slot', 'ctr_sp_slot', 'iv_ctr_slot', 'slot_site_type']|0.701185166446456
['hr', 'dow', 'elapsed_time_rt', 'is_rt_any', 'is_same_domain', 'creative_type', 'os', 'prob_man', 'ctr_user', 'inview_ratio', 'ctr_slot', 'slot_category', 'iv_ctr_sp_slot', 'ctr_sp_slot', 'slot_site_type', 'iv_ctr_slot']|0.7093230872901446
['hr', 'dow', 'elapsed_time_rt', 'is_rt_any', 'is_same_domain', 'creative_type', 'os', 'prob_man', 'ctr_user', 'inview_ratio', 'ctr_slot', 'slot_site_type', 'iv_ctr_slot', 'slot_category', 'ctr_sp_slot', 'iv_ctr_sp_slot']|0.7081218490153227
['hr', 'dow', 'elapsed_time_rt', 'is_rt_any', 'is_same_domain', 'creative_type', 'os', 'prob_man', 'ctr_user', 'inview_ratio', 'ctr_slot', 'slot_site_type', 'iv_ctr_slot', 'slot_category', 'iv_ctr_sp_slot', 'ctr_sp_slot']|0.7114509740954829
['hr', 'dow', 'elapsed_time_rt', 'is_rt_any', 'is_same_domain', 'creative_type', 'os', 'prob_man', 'ctr_user', 'inview_ratio', 'ctr_slot', 'slot_site_type', 'iv_ctr_slot', 'ctr_sp_slot', 'slot_category', 'iv_ctr_sp_slot']|0.7047519702610243
['hr', 'dow', 'elapsed_time_rt', 'is_rt_any', 'is_same_domain', 'creative_type', 'os', 'prob_man', 'ctr_user', 'inview_ratio', 'ctr_slot', 'slot_site_type', 'iv_ctr_slot', 'ctr_sp_slot', 'iv_ctr_sp_slot', 'slot_category']|0.7045968092965653
['hr', 'dow', 'elapsed_time_rt', 'is_rt_any', 'is_same_domain', 'creative_type', 'os', 'prob_man', 'ctr_user', 'inview_ratio', 'ctr_slot', 'slot_site_type', 'iv_ctr_slot', 'iv_ctr_sp_slot', 'slot_category', 'ctr_sp_slot']|0.7078700396869139
['hr', 'dow', 'elapsed_time_rt', 'is_rt_any', 'is_same_domain', 'creative_type', 'os', 'prob_man', 'ctr_user', 'inview_ratio', 'ctr_slot', 'slot_site_type', 'iv_ctr_slot', 'iv_ctr_sp_slot', 'ctr_sp_slot', 'slot_category']|0.6996626293890881
['hr', 'dow', 'elapsed_time_rt', 'is_rt_any', 'is_same_domain', 'creative_type', 'os', 'prob_man', 'ctr_user', 'inview_ratio', 'ctr_slot', 'slot_site_type', 'slot_category', 'iv_ctr_slot', 'ctr_sp_slot', 'iv_ctr_sp_slot']|0.7010496474669402
['hr', 'dow', 'elapsed_time_rt', 'is_rt_any', 'is_same_domain', 'creative_type', 'os', 'prob_man', 'ctr_user', 'inview_ratio', 'ctr_slot', 'slot_site_type', 'slot_category', 'iv_ctr_slot', 'iv_ctr_sp_slot', 'ctr_sp_slot']|0.7058630360562544
['hr', 'dow', 'elapsed_time_rt', 'is_rt_any', 'is_same_domain', 'creative_type', 'os', 'prob_man', 'ctr_user', 'inview_ratio', 'ctr_slot', 'slot_site_type', 'slot_category', 'ctr_sp_slot', 'iv_ctr_slot', 'iv_ctr_sp_slot']|0.712871718824021
['hr', 'dow', 'elapsed_time_rt', 'is_rt_any', 'is_same_domain', 'creative_type', 'os', 'prob_man', 'ctr_user', 'inview_ratio', 'ctr_slot', 'slot_site_type', 'slot_category', 'ctr_sp_slot', 'iv_ctr_sp_slot', 'iv_ctr_slot']|0.7022665013494334
['hr', 'dow', 'elapsed_time_rt', 'is_rt_any', 'is_same_domain', 'creative_type', 'os', 'prob_man', 'ctr_user', 'inview_ratio', 'ctr_slot', 'slot_site_type', 'slot_category', 'iv_ctr_sp_slot', 'iv_ctr_slot', 'ctr_sp_slot']|0.7054718497746698
['hr', 'dow', 'elapsed_time_rt', 'is_rt_any', 'is_same_domain', 'creative_type', 'os', 'prob_man', 'ctr_user', 'inview_ratio', 'ctr_slot', 'slot_site_type', 'slot_category', 'iv_ctr_sp_slot', 'ctr_sp_slot', 'iv_ctr_slot']|0.6993681833279689
['hr', 'dow', 'elapsed_time_rt', 'is_rt_any', 'is_same_domain', 'creative_type', 'os', 'prob_man', 'ctr_user', 'inview_ratio', 'ctr_slot', 'slot_site_type', 'ctr_sp_slot', 'iv_ctr_slot', 'slot_category', 'iv_ctr_sp_slot']|0.7017938995760883
['hr', 'dow', 'elapsed_time_rt', 'is_rt_any', 'is_same_domain', 'creative_type', 'os', 'prob_man', 'ctr_user', 'inview_ratio', 'ctr_slot', 'slot_site_type', 'ctr_sp_slot', 'iv_ctr_slot', 'iv_ctr_sp_slot', 'slot_category']|0.6937609248016021
['hr', 'dow', 'elapsed_time_rt', 'is_rt_any', 'is_same_domain', 'creative_type', 'os', 'prob_man', 'ctr_user', 'inview_ratio', 'ctr_slot', 'slot_site_type', 'ctr_sp_slot', 'slot_category', 'iv_ctr_slot', 'iv_ctr_sp_slot']|0.6866277152173668
['hr', 'dow', 'elapsed_time_rt', 'is_rt_any', 'is_same_domain', 'creative_type', 'os', 'prob_man', 'ctr_user', 'inview_ratio', 'ctr_slot', 'slot_site_type', 'ctr_sp_slot', 'slot_category', 'iv_ctr_sp_slot', 'iv_ctr_slot']|0.706474953545098
['hr', 'dow', 'elapsed_time_rt', 'is_rt_any', 'is_same_domain', 'creative_type', 'os', 'prob_man', 'ctr_user', 'inview_ratio', 'ctr_slot', 'slot_site_type', 'ctr_sp_slot', 'iv_ctr_sp_slot', 'iv_ctr_slot', 'slot_category']|0.709444429747402
['hr', 'dow', 'elapsed_time_rt', 'is_rt_any', 'is_same_domain', 'creative_type', 'os', 'prob_man', 'ctr_user', 'inview_ratio', 'ctr_slot', 'slot_site_type', 'ctr_sp_slot', 'iv_ctr_sp_slot', 'slot_category', 'iv_ctr_slot']|0.7159403082067797
['hr', 'dow', 'elapsed_time_rt', 'is_rt_any', 'is_same_domain', 'creative_type', 'os', 'prob_man', 'ctr_user', 'inview_ratio', 'ctr_slot', 'slot_site_type', 'iv_ctr_sp_slot', 'iv_ctr_slot', 'slot_category', 'ctr_sp_slot']|0.7087268160278107
['hr', 'dow', 'elapsed_time_rt', 'is_rt_any', 'is_same_domain', 'creative_type', 'os', 'prob_man', 'ctr_user', 'inview_ratio', 'ctr_slot', 'slot_site_type', 'iv_ctr_sp_slot', 'iv_ctr_slot', 'ctr_sp_slot', 'slot_category']|0.6992891407961976
['hr', 'dow', 'elapsed_time_rt', 'is_rt_any', 'is_same_domain', 'creative_type', 'os', 'prob_man', 'ctr_user', 'inview_ratio', 'ctr_slot', 'slot_site_type', 'iv_ctr_sp_slot', 'slot_category', 'iv_ctr_slot', 'ctr_sp_slot']|0.6996376750356526
['hr', 'dow', 'elapsed_time_rt', 'is_rt_any', 'is_same_domain', 'creative_type', 'os', 'prob_man', 'ctr_user', 'inview_ratio', 'ctr_slot', 'slot_site_type', 'iv_ctr_sp_slot', 'slot_category', 'ctr_sp_slot', 'iv_ctr_slot']|0.7078774341364288
['hr', 'dow', 'elapsed_time_rt', 'is_rt_any', 'is_same_domain', 'creative_type', 'os', 'prob_man', 'ctr_user', 'inview_ratio', 'ctr_slot', 'slot_site_type', 'iv_ctr_sp_slot', 'ctr_sp_slot', 'iv_ctr_slot', 'slot_category']|0.700208991944551
['hr', 'dow', 'elapsed_time_rt', 'is_rt_any', 'is_same_domain', 'creative_type', 'os', 'prob_man', 'ctr_user', 'inview_ratio', 'ctr_slot', 'slot_site_type', 'iv_ctr_sp_slot', 'ctr_sp_slot', 'slot_category', 'iv_ctr_slot']|0.7030509559936253
['hr', 'dow', 'elapsed_time_rt', 'is_rt_any', 'is_same_domain', 'creative_type', 'os', 'prob_man', 'ctr_user', 'inview_ratio', 'ctr_slot', 'ctr_sp_slot', 'iv_ctr_slot', 'slot_category', 'slot_site_type', 'iv_ctr_sp_slot']|0.7090058914319672
['hr', 'dow', 'elapsed_time_rt', 'is_rt_any', 'is_same_domain', 'creative_type', 'os', 'prob_man', 'ctr_user', 'inview_ratio', 'ctr_slot', 'ctr_sp_slot', 'iv_ctr_slot', 'slot_category', 'iv_ctr_sp_slot', 'slot_site_type']|0.6937955700174454
['hr', 'dow', 'elapsed_time_rt', 'is_rt_any', 'is_same_domain', 'creative_type', 'os', 'prob_man', 'ctr_user', 'inview_ratio', 'ctr_slot', 'ctr_sp_slot', 'iv_ctr_slot', 'slot_site_type', 'slot_category', 'iv_ctr_sp_slot']|0.7158733601162438
['hr', 'dow', 'elapsed_time_rt', 'is_rt_any', 'is_same_domain', 'creative_type', 'os', 'prob_man', 'ctr_user', 'inview_ratio', 'ctr_slot', 'ctr_sp_slot', 'iv_ctr_slot', 'slot_site_type', 'iv_ctr_sp_slot', 'slot_category']|0.7085107082651757
['hr', 'dow', 'elapsed_time_rt', 'is_rt_any', 'is_same_domain', 'creative_type', 'os', 'prob_man', 'ctr_user', 'inview_ratio', 'ctr_slot', 'ctr_sp_slot', 'iv_ctr_slot', 'iv_ctr_sp_slot', 'slot_category', 'slot_site_type']|0.6979376099522493
['hr', 'dow', 'elapsed_time_rt', 'is_rt_any', 'is_same_domain', 'creative_type', 'os', 'prob_man', 'ctr_user', 'inview_ratio', 'ctr_slot', 'ctr_sp_slot', 'iv_ctr_slot', 'iv_ctr_sp_slot', 'slot_site_type', 'slot_category']|0.707430858375869
['hr', 'dow', 'elapsed_time_rt', 'is_rt_any', 'is_same_domain', 'creative_type', 'os', 'prob_man', 'ctr_user', 'inview_ratio', 'ctr_slot', 'ctr_sp_slot', 'slot_category', 'iv_ctr_slot', 'slot_site_type', 'iv_ctr_sp_slot']|0.6995157355110431
['hr', 'dow', 'elapsed_time_rt', 'is_rt_any', 'is_same_domain', 'creative_type', 'os', 'prob_man', 'ctr_user', 'inview_ratio', 'ctr_slot', 'ctr_sp_slot', 'slot_category', 'iv_ctr_slot', 'iv_ctr_sp_slot', 'slot_site_type']|0.7003896890203785
['hr', 'dow', 'elapsed_time_rt', 'is_rt_any', 'is_same_domain', 'creative_type', 'os', 'prob_man', 'ctr_user', 'inview_ratio', 'ctr_slot', 'ctr_sp_slot', 'slot_category', 'slot_site_type', 'iv_ctr_slot', 'iv_ctr_sp_slot']|0.7007111715159559
['hr', 'dow', 'elapsed_time_rt', 'is_rt_any', 'is_same_domain', 'creative_type', 'os', 'prob_man', 'ctr_user', 'inview_ratio', 'ctr_slot', 'ctr_sp_slot', 'slot_category', 'slot_site_type', 'iv_ctr_sp_slot', 'iv_ctr_slot']|0.7022439965030838
['hr', 'dow', 'elapsed_time_rt', 'is_rt_any', 'is_same_domain', 'creative_type', 'os', 'prob_man', 'ctr_user', 'inview_ratio', 'ctr_slot', 'ctr_sp_slot', 'slot_category', 'iv_ctr_sp_slot', 'iv_ctr_slot', 'slot_site_type']|0.7083587928976052
['hr', 'dow', 'elapsed_time_rt', 'is_rt_any', 'is_same_domain', 'creative_type', 'os', 'prob_man', 'ctr_user', 'inview_ratio', 'ctr_slot', 'ctr_sp_slot', 'slot_category', 'iv_ctr_sp_slot', 'slot_site_type', 'iv_ctr_slot']|0.7023157364418559
['hr', 'dow', 'elapsed_time_rt', 'is_rt_any', 'is_same_domain', 'creative_type', 'os', 'prob_man', 'ctr_user', 'inview_ratio', 'ctr_slot', 'ctr_sp_slot', 'slot_site_type', 'iv_ctr_slot', 'slot_category', 'iv_ctr_sp_slot']|0.7027229057571744
['hr', 'dow', 'elapsed_time_rt', 'is_rt_any', 'is_same_domain', 'creative_type', 'os', 'prob_man', 'ctr_user', 'inview_ratio', 'ctr_slot', 'ctr_sp_slot', 'slot_site_type', 'iv_ctr_slot', 'iv_ctr_sp_slot', 'slot_category']|0.6945672719153724
['hr', 'dow', 'elapsed_time_rt', 'is_rt_any', 'is_same_domain', 'creative_type', 'os', 'prob_man', 'ctr_user', 'inview_ratio', 'ctr_slot', 'ctr_sp_slot', 'slot_site_type', 'slot_category', 'iv_ctr_slot', 'iv_ctr_sp_slot']|0.6955202220282213
['hr', 'dow', 'elapsed_time_rt', 'is_rt_any', 'is_same_domain', 'creative_type', 'os', 'prob_man', 'ctr_user', 'inview_ratio', 'ctr_slot', 'ctr_sp_slot', 'slot_site_type', 'slot_category', 'iv_ctr_sp_slot', 'iv_ctr_slot']|0.7009430785992935
['hr', 'dow', 'elapsed_time_rt', 'is_rt_any', 'is_same_domain', 'creative_type', 'os', 'prob_man', 'ctr_user', 'inview_ratio', 'ctr_slot', 'ctr_sp_slot', 'slot_site_type', 'iv_ctr_sp_slot', 'iv_ctr_slot', 'slot_category']|0.7080418419901363
['hr', 'dow', 'elapsed_time_rt', 'is_rt_any', 'is_same_domain', 'creative_type', 'os', 'prob_man', 'ctr_user', 'inview_ratio', 'ctr_slot', 'ctr_sp_slot', 'slot_site_type', 'iv_ctr_sp_slot', 'slot_category', 'iv_ctr_slot']|0.7124537104398483
['hr', 'dow', 'elapsed_time_rt', 'is_rt_any', 'is_same_domain', 'creative_type', 'os', 'prob_man', 'ctr_user', 'inview_ratio', 'ctr_slot', 'ctr_sp_slot', 'iv_ctr_sp_slot', 'iv_ctr_slot', 'slot_category', 'slot_site_type']|0.7035891127003513
['hr', 'dow', 'elapsed_time_rt', 'is_rt_any', 'is_same_domain', 'creative_type', 'os', 'prob_man', 'ctr_user', 'inview_ratio', 'ctr_slot', 'ctr_sp_slot', 'iv_ctr_sp_slot', 'iv_ctr_slot', 'slot_site_type', 'slot_category']|0.697611259061339
['hr', 'dow', 'elapsed_time_rt', 'is_rt_any', 'is_same_domain', 'creative_type', 'os', 'prob_man', 'ctr_user', 'inview_ratio', 'ctr_slot', 'ctr_sp_slot', 'iv_ctr_sp_slot', 'slot_category', 'iv_ctr_slot', 'slot_site_type']|0.7097603855426173
['hr', 'dow', 'elapsed_time_rt', 'is_rt_any', 'is_same_domain', 'creative_type', 'os', 'prob_man', 'ctr_user', 'inview_ratio', 'ctr_slot', 'ctr_sp_slot', 'iv_ctr_sp_slot', 'slot_category', 'slot_site_type', 'iv_ctr_slot']|0.7077187366961146
['hr', 'dow', 'elapsed_time_rt', 'is_rt_any', 'is_same_domain', 'creative_type', 'os', 'prob_man', 'ctr_user', 'inview_ratio', 'ctr_slot', 'ctr_sp_slot', 'iv_ctr_sp_slot', 'slot_site_type', 'iv_ctr_slot', 'slot_category']|0.7021677096667838
['hr', 'dow', 'elapsed_time_rt', 'is_rt_any', 'is_same_domain', 'creative_type', 'os', 'prob_man', 'ctr_user', 'inview_ratio', 'ctr_slot', 'ctr_sp_slot', 'iv_ctr_sp_slot', 'slot_site_type', 'slot_category', 'iv_ctr_slot']|0.7181861847065516
['hr', 'dow', 'elapsed_time_rt', 'is_rt_any', 'is_same_domain', 'creative_type', 'os', 'prob_man', 'ctr_user', 'inview_ratio', 'ctr_slot', 'iv_ctr_sp_slot', 'iv_ctr_slot', 'slot_category', 'slot_site_type', 'ctr_sp_slot']|0.7053228891250214
['hr', 'dow', 'elapsed_time_rt', 'is_rt_any', 'is_same_domain', 'creative_type', 'os', 'prob_man', 'ctr_user', 'inview_ratio', 'ctr_slot', 'iv_ctr_sp_slot', 'iv_ctr_slot', 'slot_category', 'ctr_sp_slot', 'slot_site_type']|0.6962203064627306
['hr', 'dow', 'elapsed_time_rt', 'is_rt_any', 'is_same_domain', 'creative_type', 'os', 'prob_man', 'ctr_user', 'inview_ratio', 'ctr_slot', 'iv_ctr_sp_slot', 'iv_ctr_slot', 'slot_site_type', 'slot_category', 'ctr_sp_slot']|0.69494189340529
['hr', 'dow', 'elapsed_time_rt', 'is_rt_any', 'is_same_domain', 'creative_type', 'os', 'prob_man', 'ctr_user', 'inview_ratio', 'ctr_slot', 'iv_ctr_sp_slot', 'iv_ctr_slot', 'slot_site_type', 'ctr_sp_slot', 'slot_category']|0.697479154082324
['hr', 'dow', 'elapsed_time_rt', 'is_rt_any', 'is_same_domain', 'creative_type', 'os', 'prob_man', 'ctr_user', 'inview_ratio', 'ctr_slot', 'iv_ctr_sp_slot', 'iv_ctr_slot', 'ctr_sp_slot', 'slot_category', 'slot_site_type']|0.6943840028571051
